{
  "request": [
    {
      "title": "BANNER",
      "apiType": "hw",
      "action": "0",
      "colCell": "bannercolcell",
      "showMore": "0",
      "type": "3",
      "count": "10",
      "extensionFields": [
        {
          "key": "subjectID",
          "values": [
            "SW1001"
          ]
        }
      ]
    },
    {
      "title": "CONTINUE WATCHING",
      "apiType": "hw",
      "action": "0",
      "colCell": "homevodcolcell",
      "showMore": "1",
      "type": "11",
      "count": "20"
    },
    {
      "title": "SNEK",
      "apiType": "hw",
      "action": "0",
      "colCell": "homevodcolcell",
      "showMore": "1",
      "type": "1",
      "count": "5",
      "extensionFields": [
        {
          "key": "subjectID",
          "values": [
            "SW4000"
          ]
        }
      ]
    },
    {
      "title": "UNIFI TV ORIGINALS",
      "apiType": "hw",
      "action": "0",
      "colCell": "homevodcolcell",
      "showMore": "1",
      "type": "3",
      "count": "10",
      "extensionFields": [
        {
          "key": "subjectID",
          "values": [
            "SW5001"
          ]
        }
      ]
    },
    {
      "title": "HIGHLIGHTS",
      "apiType": "hw",
      "action": "0",
      "colCell": "homevodcolcell",
      "showMore": "1",
      "type": "3",
      "count": "10",
      "extensionFields": [
        {
          "key": "subjectID",
          "values": [
            "SW1001"
          ]
        }
      ]
    },
    {
      "title": "RECOMMENDED MOVIES",
      "apiType": "hw",
      "action": "0",
      "colCell": "homevodcolcell",
      "showMore": "1",
      "type": "3",
      "count": "10",
      "extensionFields": [
        {
          "key": "subjectID",
          "values": [
            "SW2005"
          ]
        }
      ]
    },
    {
      "title": "RECOMMENDED SERIES",
      "apiType": "hw",
      "action": "0",
      "colCell": "homevodcolcell",
      "showMore": "1",
      "type": "3",
      "count": "10",
      "extensionFields": [
        {
          "key": "subjectID",
          "values": [
            "SW2001"
          ]
        }
      ]
    },
    {
      "title": "KIDS",
      "apiType": "hw",
      "action": "0",
      "colCell": "homevodcolcell",
      "showMore": "1",
      "type": "3",
      "count": "10",
      "extensionFields": [
        {
          "key": "subjectID",
          "values": [
            "SW2003"
          ]
        }
      ]
    },
    {
      "title": "BBC FIRST HD",
      "apiType": "hw",
      "action": "0",
      "colCell": "homevodcolcell",
      "showMore": "1",
      "type": "3",
      "count": "10",
      "extensionFields": [
        {
          "key": "subjectID",
          "values": [
            "SW3002"
          ]
        }
      ]
    },
    {
      "title": "AL HIJRAH ON DEMAND",
      "apiType": "hw",
      "action": "0",
      "colCell": "homevodcolcell",
      "showMore": "1",
      "type": "3",
      "count": "10",
      "extensionFields": [
        {
          "key": "subjectID",
          "values": [
            "SW3003"
          ]
        }
      ]
    },
    {
      "title": "NOW BAOGU MOVIES",
      "apiType": "hw",
      "action": "0",
      "colCell": "homevodcolcell",
      "showMore": "1",
      "type": "3",
      "count": "10",
      "extensionFields": [
        {
          "key": "subjectID",
          "values": [
            "SW3005"
          ]
        }
      ]
    },
    {
      "title": "LIVE TV",
      "apiType": "hw",
      "action": "0",
      "colCell": "homechannelcolcell",
      "showMore": "1",
      "type": "9",
      "count": "50"
    }
  ]
}