{
  "request": [
    {
      "title": "BANNER",
      "apiType": "hw",
      "action": "0",
      "colCell": "bannercolcell",
      "showMore": "0",
      "type": "3",
      "count": "10",
      "extensionFields": [
        {
          "key": "subjectID",
          "values": ["G1001"]
        }
      ]
    },
    {
      "title": "SNEK",
      "apiType": "hw",
      "action": "0",
      "colCell": "homevodcolcell",
      "showMore": "1",
      "type": "1",
      "count": "5",
      "extensionFields": [
        {
          "key": "subjectID",
          "values": ["G4000"]
        }
      ]
    },
    {
      "title": "UNIFI TV ORIGINALS",
      "apiType": "hw",
      "action": "0",
      "colCell": "homevodcolcell",
      "showMore": "1",
      "type": "3",
      "count": "10",
      "extensionFields": [
        {
          "key": "subjectID",
          "values": ["G5001"]
        }
      ]
    },
    {
      "title": "HIGHLIGHTS",
      "apiType": "hw",
      "action": "0",
      "colCell": "homevodcolcell",
      "showMore": "1",
      "type": "3",
      "count": "10",
      "extensionFields": [
        {
          "key": "subjectID",
          "values": ["G1001"]
        }
      ]
    },
    {
      "title": "RECOMMENDED MOVIES",
      "apiType": "hw",
      "action": "0",
      "colCell": "homevodcolcell",
      "showMore": "1",
      "type": "3",
      "count": "10",
      "extensionFields": [
        {
          "key": "subjectID",
          "values": ["G2005"]
        }
      ]
    },
    {
      "title": "RECOMMENDED SERIES",
      "apiType": "hw",
      "action": "0",
      "colCell": "homevodcolcell",
      "showMore": "1",
      "type": "3",
      "count": "10",
      "extensionFields": [
        {
          "key": "subjectID",
          "values": ["G2001"]
        }
      ]
    },
    {
      "title": "KIDS",
      "apiType": "hw",
      "action": "0",
      "colCell": "homevodcolcell",
      "showMore": "1",
      "type": "3",
      "count": "10",
      "extensionFields": [
        {
          "key": "subjectID",
          "values": ["G2003"]
        }
      ]
    },
    {
      "title": "BBC FIRST HD",
      "apiType": "hw",
      "action": "0",
      "colCell": "homevodcolcell",
      "showMore": "1",
      "type": "3",
      "count": "10",
      "extensionFields": [
        {
          "key": "subjectID",
          "values": ["G3002"]
        }
      ]
    },
    {
      "title": "AL HIJRAH ON DEMAND",
      "apiType": "hw",
      "action": "0",
      "colCell": "homevodcolcell",
      "showMore": "1",
      "type": "3",
      "count": "10",
      "extensionFields": [
        {
          "key": "subjectID",
          "values": ["G3003"]
        }
      ]
    },
    {
      "title": "NOW BAOGU MOVIES",
      "apiType": "hw",
      "action": "0",
      "colCell": "homevodcolcell",
      "showMore": "1",
      "type": "3",
      "count": "10",
      "extensionFields": [
        {
          "key": "subjectID",
          "values": ["G3005"]
        }
      ]
    },
    {
      "title": "INFO",
      "apiType": "hw",
      "action": "0",
      "colCell": "homevodcolcell",
      "showMore": "0",
      "type": "3",
      "count": "10",
      "extensionFields": [
        {
          "key": "subjectID",
          "values": ["G21002"]
        }
      ]
    },
    {
      "title": "LIVE TV",
      "apiType": "hw",
      "action": "0",
      "colCell": "homechannelcolcell",
      "showMore": "1",
      "type": "9",
      "count": "50"
    }
  ]
}
